{
    "f1": 0.7676684925266152,
    "accuracy": 0.7024273299370692,
    "precision": 0.7898613944361698,
    "recall": 0.7576340248504028
}