{
    "f1": 0.6790046765267396,
    "accuracy": 0.022275496953351313,
    "precision": 0.6069541076252468,
    "recall": 0.9094192173346752
}