{
    "perplexity": 1.87829303586552,
    "eval_loss": 0.630363404750824
}