{
    "f1": 0.7231475414137928,
    "accuracy": 0.7022275496953352,
    "precision": 0.7316690029239825,
    "recall": 0.718265773813282
}