{
    "f1": 0.20789147216200335,
    "accuracy": 0.18607323043109048,
    "precision": 0.489032776375381,
    "recall": 0.17787893118940648
}