{
    "f1": 0.8662132940371395,
    "accuracy": 0.7096194186394965,
    "precision": 0.8861213845776001,
    "recall": 0.8490912320170505,
    "loss": 0.10047062486410141
}