{
    "f1": 0.5452364271668996,
    "accuracy": 0.133952652082709,
    "precision": 0.4645340379176592,
    "recall": 0.7547930924027528
}