{
    "f1": 0.15578423799991623,
    "accuracy": 0.14234342223554092,
    "precision": 0.19047828075813328,
    "recall": 0.14646853353857084
}