{
    "f1": 0.6730245235974122,
    "accuracy": 0.058353317346123104,
    "precision": 0.5962491560835215,
    "recall": 0.9146685472496474
}