{
    "f1": 0.679021577982036,
    "accuracy": 0.022275496953351313,
    "precision": 0.606996868894722,
    "recall": 0.9094192173346752
}