{
    "f1": 0.8087988038126439,
    "accuracy": 0.6141244630906003,
    "precision": 0.8685276931975291,
    "recall": 0.7654964182108815
}