{
    "f1": 0.6566257505182854,
    "accuracy": 0.0001998800719568259,
    "precision": 0.5549338045491984,
    "recall": 0.9461139896373058
}