{
    "f1": 0.6790079370321488,
    "accuracy": 0.022275496953351313,
    "precision": 0.606956480458916,
    "recall": 0.9094192173346752
}