{
    "f1": 0.5940316761823196,
    "accuracy": 0.5746552068758745,
    "precision": 0.7430419333090991,
    "recall": 0.5119962821415572
}