{
    "f1": 0.16066095891541735,
    "accuracy": 0.15453001698132054,
    "precision": 0.1870462348995764,
    "recall": 0.15848676810135576
}