{
    "f1": 0.6790309117838214,
    "accuracy": 0.022275496953351313,
    "precision": 0.6069702099397462,
    "recall": 0.9094784204606003
}