{
    "f1": 0.9038305295688362,
    "accuracy": 0.8095376987020563,
    "precision": 0.9150938917324292,
    "recall": 0.8934340255926159,
    "loss": 0.08130327612161636
}