{
    "f1": 0.6790076608311223,
    "accuracy": 0.022275496953351313,
    "precision": 0.6069563342058428,
    "recall": 0.9094192173346752
}