{
    "f1": 0.665594325291863,
    "accuracy": 0.0,
    "precision": 0.5677419047658553,
    "recall": 0.946657983541531
}