{
    "f1": 0.7178539135659283,
    "accuracy": 0.6885426031365498,
    "precision": 0.7298387324154856,
    "recall": 0.7091158470706308
}