{
    "f1": 0.07456140350877193,
    "accuracy": 0.0,
    "precision": 0.05789473684210527,
    "recall": 0.10526315789473684
}