{
    "f1": 0.15368039954960536,
    "accuracy": 0.30879345603271985,
    "precision": 0.2921353290038503,
    "recall": 0.12109291457198086
}