{
    "f1": 0.6655882133392944,
    "accuracy": 0.0,
    "precision": 0.5677367427083856,
    "recall": 0.946657983541531
}