{
    "f1": 0.6836665901412792,
    "accuracy": 0.026974374344372845,
    "precision": 0.6110260465454157,
    "recall": 0.9187751241428234
}