{
    "f1": 0.15878010741466314,
    "accuracy": 0.3311357506742583,
    "precision": 0.26226689101341283,
    "recall": 0.137637069182613
}