{
    "perplexity": 2.5822233137082753,
    "eval_loss": 0.9486507773399353
}