{
    "f1": 0.0034147538566854487,
    "accuracy": 0.002479218317048272,
    "precision": 0.040208726662471155,
    "recall": 0.0017830920914621356,
    "loss": 0.2390500009059906
}