{
    "f1": 0.15214119096699744,
    "accuracy": 0.020077914294276297,
    "precision": 0.1372074456982101,
    "recall": 0.3336096145876502
}