{
    "f1": 0.5820140792943842,
    "accuracy": 0.30376585755668767,
    "precision": 0.4650819190168562,
    "recall": 0.876265466816648
}