{
    "f1": 0.6655943252903289,
    "accuracy": 0.0,
    "precision": 0.5677419047650881,
    "recall": 0.946657983541531
}