{
    "f1": 0.5596007603050589,
    "accuracy": 0.2864281431141315,
    "precision": 0.4384347213465358,
    "recall": 0.8640184225676454
}