{
    "f1": 0.24863069910411129,
    "accuracy": 0.45859554490060933,
    "precision": 0.4507945144518275,
    "recall": 0.21895399194579307
}