{
    "f1": 0.32389848516957054,
    "accuracy": 0.007291978823294376,
    "precision": 0.30276846160230914,
    "recall": 0.47930850748919546
}