{
    "f1": 0.08638610932284768,
    "accuracy": 0.0,
    "precision": 0.08600014727902451,
    "recall": 0.293058880796373
}