{
    "f1": 0.1508368732450977,
    "accuracy": 0.020477474777744482,
    "precision": 0.17595736719067748,
    "recall": 0.33242555206914925
}