{
    "perplexity": 2.145646758852612,
    "eval_loss": 0.7634410262107849
}