{
    "f1": 0.6708816250237839,
    "accuracy": 0.006094210500024976,
    "precision": 0.5685440020763155,
    "recall": 0.9613974934972807
}