{
    "f1": 0.6789965598545995,
    "accuracy": 0.022275496953351313,
    "precision": 0.6069477618223069,
    "recall": 0.9094192173346752
}