{
    "f1": 0.18383241344701257,
    "accuracy": 0.1624213365298172,
    "precision": 0.40058706683046197,
    "recall": 0.1540465336569771
}