{
    "f1": 0.16125968570188126,
    "accuracy": 0.15742683048646489,
    "precision": 0.18430612154663278,
    "recall": 0.16239417441240897
}