{
    "f1": 0.5222146079461181,
    "accuracy": 0.5891519328738388,
    "precision": 0.4954334765421657,
    "recall": 0.5933363503666694
}