{
    "f1": 0.45421054577484105,
    "accuracy": 0.04525022475277195,
    "precision": 0.4178925019886268,
    "recall": 0.6160085252501332
}