{
    "f1": 0.29017544629652475,
    "accuracy": 0.0,
    "precision": 0.36175232836765153,
    "recall": 0.4924516014445563
}