{
    "f1": 0.8087098303508375,
    "accuracy": 0.6137249026071322,
    "precision": 0.8673685774125632,
    "recall": 0.7663844650997572
}