{
    "f1": 0.1608845724035552,
    "accuracy": 0.15213265408051144,
    "precision": 0.19109988348044119,
    "recall": 0.15523059617547807
}