{
    "f1": 0.3323905152617999,
    "accuracy": 0.0,
    "precision": 0.27694893524705594,
    "recall": 0.5643241963175656
}