{
    "f1": 0.16245247695045006,
    "accuracy": 0.34292278493656975,
    "precision": 0.26514078340765673,
    "recall": 0.14115142887571375
}