{
    "f1": 0.6105770838269681,
    "accuracy": 0.6142243532114674,
    "precision": 0.7215828045794487,
    "recall": 0.5445045073660486
}