{
    "f1": 0.32693049137904207,
    "accuracy": 0.0,
    "precision": 0.2213140643984806,
    "recall": 0.7678053401219584
}