{
    "f1": 0.6105405560024344,
    "accuracy": 0.6142243532114674,
    "precision": 0.7216001792933384,
    "recall": 0.5443960977124708
}