{
    "f1": 0.3263990077729931,
    "accuracy": 0.0,
    "precision": 0.25220376368934644,
    "recall": 0.701793854715529
}