{
    "f1": 0.7684567635456473,
    "accuracy": 0.7119168914194386,
    "precision": 0.795119838189703,
    "recall": 0.7547437474615929
}