{
    "f1": 0.1573590001201196,
    "accuracy": 0.022774947557686546,
    "precision": 0.2446786571125801,
    "recall": 0.3201113018767391
}