{
    "f1": 0.16032384630975155,
    "accuracy": 0.15582858855259216,
    "precision": 0.18343881938558912,
    "recall": 0.16138772127168313
}