{
    "f1": 0.6417719003276547,
    "accuracy": 0.6195185296174208,
    "precision": 0.7104917681707286,
    "recall": 0.5968221769141953
}