{
    "perplexity": 2.1104325554845964,
    "eval_loss": 0.7468929290771484
}