{
    "f1": 0.31637307573337475,
    "accuracy": 0.0006992308460693238,
    "precision": 0.24049528491085656,
    "recall": 0.6102066189094785
}