{
    "f1": 0.32495635067936646,
    "accuracy": 0.006293077614623914,
    "precision": 0.3380574475235879,
    "recall": 0.5073115860517435
}