{
    "f1": 0.14589282772009265,
    "accuracy": 0.08064751348986438,
    "precision": 0.48072014837696475,
    "recall": 0.08779106356198867,
    "loss": 0.2492932826280594
}