{
    "perplexity": 2.5584134530609863,
    "eval_loss": 0.939387321472168
}