{
    "perplexity": 2.420646452520048,
    "eval_loss": 0.8840346336364746
}