{
    "f1": 0.10556068723821878,
    "accuracy": 0.009889121965837579,
    "precision": 0.0761799952556535,
    "recall": 0.19655495897514572
}