{
    "f1": 0.6790114909608852,
    "accuracy": 0.022275496953351313,
    "precision": 0.6069590399639416,
    "recall": 0.9094192173346752
}