{
    "f1": 0.03711696158826068,
    "accuracy": 0.14673858755369093,
    "precision": 0.04105665181413112,
    "recall": 0.033867156734050934
}