{
    "f1": 0.3229709484811957,
    "accuracy": 0.0,
    "precision": 0.21912309839110164,
    "recall": 0.7504588242259191
}