{
    "f1": 0.3106863483764911,
    "accuracy": 0.0,
    "precision": 0.31051020589504597,
    "recall": 0.6042863063169736
}