{
    "f1": 0.6605262569558107,
    "accuracy": 0.03977613431940835,
    "precision": 0.5830923674832701,
    "recall": 0.9023603914795625
}