{
    "f1": 0.8091398473136237,
    "accuracy": 0.6141244630906003,
    "precision": 0.868501220603622,
    "recall": 0.766088449470132
}