{
    "f1": 0.6409108718690715,
    "accuracy": 0.6104285286185196,
    "precision": 0.688390404247693,
    "recall": 0.6056898691221996
}