{
    "f1": 0.2521788230928373,
    "accuracy": 0.04015582858855259,
    "precision": 0.22676341752252452,
    "recall": 0.4559794552914365
}