{
    "f1": 0.2665383779888475,
    "accuracy": 0.021975826590750175,
    "precision": 0.41588906294296774,
    "recall": 0.4008643656385057
}