{
    "f1": 0.6790133537673229,
    "accuracy": 0.022275496953351313,
    "precision": 0.6069609016166906,
    "recall": 0.9094192173346752
}