{
    "f1": 0.18674162064051472,
    "accuracy": 0.18072830810729806,
    "precision": 0.4742402431886669,
    "recall": 0.18396784109718609
}