{
    "f1": 0.582014079294384,
    "accuracy": 0.30376585755668767,
    "precision": 0.4650819190168562,
    "recall": 0.876265466816648
}