{
    "f1": 0.8991999979892125,
    "accuracy": 0.7633747939457516,
    "precision": 0.905509248480714,
    "recall": 0.8932371719082526,
    "loss": 0.0944027528166771
}