{
    "f1": 0.46274232484445627,
    "accuracy": 0.0,
    "precision": 0.34481255539541794,
    "recall": 0.8587413415428334
}