{
    "f1": 0.6110338036503639,
    "accuracy": 0.6145240235740685,
    "precision": 0.721067508045282,
    "recall": 0.5451964333875905
}