{
    "f1": 0.1362289529209088,
    "accuracy": 0.15330801519088547,
    "precision": 0.15030254166617266,
    "recall": 0.1385146804835924
}