{
    "f1": 0.4571090066946874,
    "accuracy": 0.0,
    "precision": 0.3365415043539426,
    "recall": 0.907939139186549
}