{
    "f1": 0.6790140235568592,
    "accuracy": 0.022275496953351313,
    "precision": 0.6069609826264739,
    "recall": 0.9094192173346752
}