{
    "f1": 0.39252470366622844,
    "accuracy": 0.03056637698531615,
    "precision": 0.36460741754782183,
    "recall": 0.50971835611217
}