{
    "f1": 0.10217296746654143,
    "accuracy": 0.0004994506043352313,
    "precision": 0.06861384368421923,
    "recall": 0.26697623079796956
}