{
    "f1": 0.10781486304515557,
    "accuracy": 0.0092897812406353,
    "precision": 0.08908252994189567,
    "recall": 0.2213356240626062
}