{
    "perplexity": 1.766567382116258,
    "eval_loss": 0.5690383315086365
}