{
    "f1": 0.16056521795189097,
    "accuracy": 0.16010393763741754,
    "precision": 0.4201454582751567,
    "recall": 0.13552101324122048
}