{
    "f1": 0.6651851182745175,
    "accuracy": 0.40135850564379183,
    "precision": 0.902706361860168,
    "recall": 0.5448463678882245
}