{
    "f1": 0.6073230685696601,
    "accuracy": 0.3548129277186673,
    "precision": 0.4834369759942346,
    "recall": 0.9035824071884606
}